/*
MySQL Backup
Source Server Version: 5.7.19
Source Database: miguel
Date: 19/06/2019 10:17:38
*/

SET FOREIGN_KEY_CHECKS=0;

-- ----------------------------
--  Table structure for `admin_users`
-- ----------------------------
DROP TABLE IF EXISTS `admin_users`;
CREATE TABLE `admin_users` (
  `id` int(11) NOT NULL AUTO_INCREMENT,
  `username` varchar(255) DEFAULT NULL,
  `password` varchar(255) DEFAULT NULL,
  PRIMARY KEY (`id`)
) ENGINE=InnoDB AUTO_INCREMENT=2 DEFAULT CHARSET=latin1;

-- ----------------------------
--  Table structure for `fixtures`
-- ----------------------------
DROP TABLE IF EXISTS `fixtures`;
CREATE TABLE `fixtures` (
  `id` int(11) NOT NULL AUTO_INCREMENT,
  `team_a` int(11) NOT NULL,
  `team_b` int(11) NOT NULL,
  `goal_a` varchar(5) COLLATE utf8_unicode_ci NOT NULL DEFAULT '-',
  `goal_b` varchar(5) COLLATE utf8_unicode_ci NOT NULL DEFAULT '-',
  `group_fixture` varchar(15) COLLATE utf8_unicode_ci NOT NULL DEFAULT 'A',
  `city` varchar(45) COLLATE utf8_unicode_ci NOT NULL,
  `stadium` varchar(45) COLLATE utf8_unicode_ci NOT NULL,
  `date` varchar(45) COLLATE utf8_unicode_ci NOT NULL,
  PRIMARY KEY (`id`),
  KEY `FK_FIXTURE_TEAM_B_idx` (`team_b`),
  KEY `FK_FIXTURE_TEAM_A_idx` (`team_a`) USING BTREE,
  CONSTRAINT `FK_FIXTURE_TEAM_A` FOREIGN KEY (`team_a`) REFERENCES `teams` (`id`) ON DELETE NO ACTION ON UPDATE NO ACTION,
  CONSTRAINT `FK_FIXTURE_TEAM_B` FOREIGN KEY (`team_b`) REFERENCES `teams` (`id`) ON DELETE NO ACTION ON UPDATE NO ACTION
) ENGINE=InnoDB AUTO_INCREMENT=19 DEFAULT CHARSET=utf8 COLLATE=utf8_unicode_ci;

-- ----------------------------
--  Table structure for `goals_scored`
-- ----------------------------
DROP TABLE IF EXISTS `goals_scored`;
CREATE TABLE `goals_scored` (
  `id` int(11) NOT NULL AUTO_INCREMENT,
  `fixture` int(11) NOT NULL,
  `team_a` int(11) NOT NULL DEFAULT '0',
  `team_b` int(11) NOT NULL DEFAULT '0',
  PRIMARY KEY (`id`),
  KEY `FK_SCORE_FIXTURE_idx` (`fixture`),
  CONSTRAINT `FK_GOALSSCORE_FIXTURE` FOREIGN KEY (`fixture`) REFERENCES `fixtures` (`id`) ON DELETE NO ACTION ON UPDATE NO ACTION
) ENGINE=InnoDB AUTO_INCREMENT=3 DEFAULT CHARSET=utf8 COLLATE=utf8_unicode_ci;

-- ----------------------------
--  Table structure for `groups`
-- ----------------------------
DROP TABLE IF EXISTS `groups`;
CREATE TABLE `groups` (
  `id` int(11) NOT NULL AUTO_INCREMENT,
  `name` varchar(45) COLLATE utf8_unicode_ci NOT NULL,
  PRIMARY KEY (`id`)
) ENGINE=InnoDB AUTO_INCREMENT=4 DEFAULT CHARSET=utf8 COLLATE=utf8_unicode_ci;

-- ----------------------------
--  Table structure for `groups_teams`
-- ----------------------------
DROP TABLE IF EXISTS `groups_teams`;
CREATE TABLE `groups_teams` (
  `id` int(11) NOT NULL AUTO_INCREMENT,
  `group` int(11) NOT NULL,
  `team` int(11) NOT NULL,
  PRIMARY KEY (`id`),
  KEY `FK_GROUPS_TEAMS_idx` (`group`),
  KEY `FK_TEAMS_idx` (`team`),
  CONSTRAINT `FK_GROUPS` FOREIGN KEY (`group`) REFERENCES `groups` (`id`) ON DELETE NO ACTION ON UPDATE NO ACTION,
  CONSTRAINT `FK_TEAMS` FOREIGN KEY (`team`) REFERENCES `teams` (`id`) ON DELETE NO ACTION ON UPDATE NO ACTION
) ENGINE=InnoDB AUTO_INCREMENT=13 DEFAULT CHARSET=utf8 COLLATE=utf8_unicode_ci;

-- ----------------------------
--  Table structure for `score`
-- ----------------------------
DROP TABLE IF EXISTS `score`;
CREATE TABLE `score` (
  `id` int(11) NOT NULL AUTO_INCREMENT,
  `user` int(11) NOT NULL,
  `total_score` int(11) NOT NULL DEFAULT '0',
  `fixture` int(11) NOT NULL,
  PRIMARY KEY (`id`),
  KEY `FK_SCORE_USER_idx` (`user`),
  CONSTRAINT `FK_SCORE_USER` FOREIGN KEY (`user`) REFERENCES `users` (`id`) ON DELETE NO ACTION ON UPDATE NO ACTION
) ENGINE=InnoDB AUTO_INCREMENT=437 DEFAULT CHARSET=utf8 COLLATE=utf8_unicode_ci;

-- ----------------------------
--  Table structure for `teams`
-- ----------------------------
DROP TABLE IF EXISTS `teams`;
CREATE TABLE `teams` (
  `id` int(11) NOT NULL AUTO_INCREMENT,
  `name` varchar(45) COLLATE utf8_unicode_ci NOT NULL,
  PRIMARY KEY (`id`)
) ENGINE=InnoDB AUTO_INCREMENT=13 DEFAULT CHARSET=utf8 COLLATE=utf8_unicode_ci;

-- ----------------------------
--  Table structure for `users`
-- ----------------------------
DROP TABLE IF EXISTS `users`;
CREATE TABLE `users` (
  `id` int(11) NOT NULL AUTO_INCREMENT,
  `fullname` varchar(45) COLLATE utf8_unicode_ci NOT NULL,
  `username` varchar(45) COLLATE utf8_unicode_ci NOT NULL,
  `password` varchar(45) COLLATE utf8_unicode_ci NOT NULL,
  `type_user` varchar(45) COLLATE utf8_unicode_ci NOT NULL DEFAULT '1',
  `score_total` int(11) NOT NULL DEFAULT '0',
  PRIMARY KEY (`id`)
) ENGINE=InnoDB AUTO_INCREMENT=43 DEFAULT CHARSET=utf8 COLLATE=utf8_unicode_ci;

-- ----------------------------
--  Table structure for `user_goals_scored`
-- ----------------------------
DROP TABLE IF EXISTS `user_goals_scored`;
CREATE TABLE `user_goals_scored` (
  `id` int(11) NOT NULL AUTO_INCREMENT,
  `user` int(11) NOT NULL,
  `fixture` int(11) NOT NULL,
  `team_a` varchar(11) COLLATE utf8_unicode_ci NOT NULL DEFAULT '-',
  `team_b` varchar(11) COLLATE utf8_unicode_ci NOT NULL DEFAULT '-',
  PRIMARY KEY (`id`),
  KEY `FK_SCORE_FIXTURE_idx` (`fixture`),
  KEY `FK_GOALS_USER_idx` (`user`),
  CONSTRAINT `FK_GOALSUSERSCORE_FIXTURE` FOREIGN KEY (`fixture`) REFERENCES `fixtures` (`id`) ON DELETE NO ACTION ON UPDATE NO ACTION,
  CONSTRAINT `FK_GOALS_USER` FOREIGN KEY (`user`) REFERENCES `users` (`id`) ON DELETE NO ACTION ON UPDATE NO ACTION
) ENGINE=InnoDB AUTO_INCREMENT=433 DEFAULT CHARSET=utf8 COLLATE=utf8_unicode_ci;

-- ----------------------------
--  Records 
-- ----------------------------
INSERT INTO `admin_users` VALUES ('1','larx','larx');
INSERT INTO `fixtures` VALUES ('1','3','2','3','0','A','SÃO PAULO','Estadio Morumbi','21:30 - VIERNES, 14 JUNIO'), ('2','12','9','0','0','A','PORTO ALEGRE','Arena do Grêmio','16:00 - SÁBADO, 15 JUNIO'), ('3','1','5','0','2','B','SALVADOR','Arena Fonte Nova','19:00 - SÁBADO, 15 JUNIO'), ('4','8','10','2','2','B','RIO DE JANEIRO','Estadio do Maracanã','16:00 DOMINGO, 16 JUNIO'), ('5','11','6','4','0','C','BELO HORIZONTE','Estadio Mineirão','19:00 DOMINGO, 16 JUNIO'), ('6','7','4','0','4','C','SÃO PAULO','Estadio Morumbi','20:00 LUNES, 17 JUNIO'), ('7','2','9','1','3','A','RIO DE JANEIRO','Estadio do Maracanã','18:30 MARTES, 18 JUNIO'), ('8','3','12','-','-','A','SALVADOR','Arena Fonte Nova','21:30 MARTES, 18 JUNIO'), ('9','5','10','-','-','B','SÃO PAULO','Estadio Morumbi','18:30 MIÉRCOLES, 19 JUNIO'), ('10','1','8','-','-','B','BELO HORIZONTE','Estadio Mineirão','21:30 MIÉRCOLES, 19 JUNIO'), ('11','11','7','-','-','C','PORTO ALEGRE','Arena do Grêmio','20:00 JUEVES, 20 JUNIO'), ('12','6','4','-','-','C','SALVADOR','Arena Fonte Nova','20:00 VIERNES, 21 JUNIO'), ('13','2','12','-','-','A','BELO HORIZONTE','Estadio Mineirão','16:00 SÁBADO, 22 JUNIO'), ('14','9','3','-','-','A','SÃO PAULO','Arena Corinthians','16:00 SÁBADO, 22 JUNIO'), ('15','10','1','-','-','B','PORTO ALEGRE','Arena do Grêmio','16:00 DOMINGO, 23 JUNIO'), ('16','5','8','-','-','B','SALVADOR','Arena Fonte Nova','16:00 DOMINGO, 23 JUNIO'), ('17','6','7','-','-','C','BELO HORIZONTE','Estadio Mineirão','20:00 LUNES, 24 JUNIO'), ('18','4','11','-','-','C','RIO DE JANEIRO','Estadio do Maracanã','20:00 LUNES, 24 JUNIO');
INSERT INTO `goals_scored` VALUES ('1','1','2','0'), ('2','2','3','1');
INSERT INTO `groups` VALUES ('1','Grupo A'), ('2','Grupo B'), ('3','Grupo C');
INSERT INTO `groups_teams` VALUES ('1','1','3'), ('2','1','2'), ('3','1','12'), ('4','1','9'), ('5','2','1'), ('6','2','5'), ('7','2','8'), ('8','2','10'), ('9','3','11'), ('10','3','6'), ('11','3','7'), ('12','3','4');
INSERT INTO `score` VALUES ('5','1','1','1'), ('6','1','1','2'), ('7','1','0','3'), ('8','1','0','4'), ('9','1','0','5'), ('10','1','1','6'), ('11','1','1','7'), ('12','1','0','8'), ('13','1','0','9'), ('14','1','0','10'), ('15','1','0','11'), ('16','1','0','12'), ('17','1','0','13'), ('18','1','0','14'), ('19','1','0','15'), ('20','1','0','16'), ('21','1','0','17'), ('22','1','0','18'), ('23','2','2','1'), ('24','2','1','2'), ('25','2','0','3'), ('26','2','0','4'), ('27','2','0','5'), ('28','2','1','6'), ('29','2','1','7'), ('30','2','0','8'), ('31','2','0','9'), ('32','2','0','10'), ('33','2','0','11'), ('34','2','0','12'), ('35','2','0','13'), ('36','2','0','14'), ('37','2','0','15'), ('38','2','0','16'), ('39','2','0','17'), ('40','2','0','18'), ('41','3','1','1'), ('42','3','1','2'), ('43','3','0','3'), ('44','3','0','4'), ('45','3','0','5'), ('46','3','1','6'), ('47','3','1','7'), ('48','3','0','8'), ('49','3','0','9'), ('50','3','0','10'), ('51','3','0','11'), ('52','3','0','12'), ('53','3','0','13'), ('54','3','0','14'), ('55','3','0','15'), ('56','3','0','16'), ('57','3','0','17'), ('58','3','0','18'), ('59','4','2','1'), ('60','4','1','2'), ('61','4','0','3'), ('62','4','0','4'), ('63','4','0','5'), ('64','4','1','6'), ('65','4','1','7'), ('66','4','0','8'), ('67','4','0','9'), ('68','4','0','10'), ('69','4','0','11'), ('70','4','0','12'), ('71','4','0','13'), ('72','4','0','14'), ('73','4','0','15'), ('74','4','0','16'), ('75','4','0','17'), ('76','4','0','18'), ('77','5','1','1'), ('78','5','1','2'), ('79','5','0','3'), ('80','5','0','4'), ('81','5','0','5'), ('82','5','1','6'), ('83','5','1','7'), ('84','5','0','8'), ('85','5','0','9'), ('86','5','0','10'), ('87','5','0','11'), ('88','5','0','12'), ('89','5','0','13'), ('90','5','0','14'), ('91','5','0','15'), ('92','5','0','16'), ('93','5','0','17'), ('94','5','0','18'), ('95','6','2','1'), ('96','6','1','2'), ('97','6','0','3'), ('98','6','0','4'), ('99','6','0','5'), ('100','6','1','6'), ('101','6','1','7'), ('102','6','0','8'), ('103','6','0','9'), ('104','6','0','10');
INSERT INTO `score` VALUES ('105','6','0','11'), ('106','6','0','12'), ('107','6','0','13'), ('108','6','0','14'), ('109','6','0','15'), ('110','6','0','16'), ('111','6','0','17'), ('112','6','0','18'), ('113','7','1','1'), ('114','7','1','2'), ('115','7','0','3'), ('116','7','0','4'), ('117','7','0','5'), ('118','7','1','6'), ('119','7','1','7'), ('120','7','0','8'), ('121','7','0','9'), ('122','7','0','10'), ('123','7','0','11'), ('124','7','0','12'), ('125','7','0','13'), ('126','7','0','14'), ('127','7','0','15'), ('128','7','0','16'), ('129','7','0','17'), ('130','7','0','18'), ('131','9','2','1'), ('132','9','1','2'), ('133','9','0','3'), ('134','9','0','4'), ('135','9','0','5'), ('136','9','1','6'), ('137','9','1','7'), ('138','9','0','8'), ('139','9','0','9'), ('140','9','0','10'), ('141','9','0','11'), ('142','9','0','12'), ('143','9','0','13'), ('144','9','0','14'), ('145','9','0','15'), ('146','9','0','16'), ('147','9','0','17'), ('148','9','0','18'), ('149','10','1','1'), ('150','10','1','2'), ('151','10','0','3'), ('152','10','0','4'), ('153','10','0','5'), ('154','10','1','6'), ('155','10','2','7'), ('156','10','0','8'), ('157','10','0','9'), ('158','10','0','10'), ('159','10','0','11'), ('160','10','0','12'), ('161','10','0','13'), ('162','10','0','14'), ('163','10','0','15'), ('164','10','0','16'), ('165','10','0','17'), ('166','10','0','18'), ('167','11','1','1'), ('168','11','1','2'), ('169','11','0','3'), ('170','11','0','4'), ('171','11','0','5'), ('172','11','1','6'), ('173','11','1','7'), ('174','11','0','8'), ('175','11','0','9'), ('176','11','0','10'), ('177','11','0','11'), ('178','11','0','12'), ('179','11','0','13'), ('180','11','0','14'), ('181','11','0','15'), ('182','11','0','16'), ('183','11','0','17'), ('184','11','0','18'), ('185','13','1','1'), ('186','13','1','2'), ('187','13','0','3'), ('188','13','0','4'), ('189','13','0','5'), ('190','13','1','6'), ('191','13','1','7'), ('192','13','0','8'), ('193','13','0','9'), ('194','13','0','10'), ('195','13','0','11'), ('196','13','0','12'), ('197','13','0','13'), ('198','13','0','14'), ('199','13','0','15'), ('200','13','0','16'), ('201','13','0','17'), ('202','13','0','18'), ('203','15','1','1'), ('204','15','1','2');
INSERT INTO `score` VALUES ('205','15','0','3'), ('206','15','0','4'), ('207','15','0','5'), ('208','15','1','6'), ('209','15','1','7'), ('210','15','0','8'), ('211','15','0','9'), ('212','15','0','10'), ('213','15','0','11'), ('214','15','0','12'), ('215','15','0','13'), ('216','15','0','14'), ('217','15','0','15'), ('218','15','0','16'), ('219','15','0','17'), ('220','15','0','18'), ('221','17','2','1'), ('222','17','1','2'), ('223','17','0','3'), ('224','17','0','4'), ('225','17','0','5'), ('226','17','1','6'), ('227','17','1','7'), ('228','17','0','8'), ('229','17','0','9'), ('230','17','0','10'), ('231','17','0','11'), ('232','17','0','12'), ('233','17','0','13'), ('234','17','0','14'), ('235','17','0','15'), ('236','17','0','16'), ('237','17','0','17'), ('238','17','0','18'), ('239','20','1','1'), ('240','20','1','2'), ('241','20','0','3'), ('242','20','0','4'), ('243','20','0','5'), ('244','20','1','6'), ('245','20','1','7'), ('246','20','0','8'), ('247','20','0','9'), ('248','20','0','10'), ('249','20','0','11'), ('250','20','0','12'), ('251','20','0','13'), ('252','20','0','14'), ('253','20','0','15'), ('254','20','0','16'), ('255','20','0','17'), ('256','20','0','18'), ('257','22','1','1'), ('258','22','1','2'), ('259','22','0','3'), ('260','22','0','4'), ('261','22','0','5'), ('262','22','1','6'), ('263','22','2','7'), ('264','22','0','8'), ('265','22','0','9'), ('266','22','0','10'), ('267','22','0','11'), ('268','22','0','12'), ('269','22','0','13'), ('270','22','0','14'), ('271','22','0','15'), ('272','22','0','16'), ('273','22','0','17'), ('274','22','0','18'), ('275','25','2','1'), ('276','25','1','2'), ('277','25','0','3'), ('278','25','0','4'), ('279','25','0','5'), ('280','25','1','6'), ('281','25','1','7'), ('282','25','0','8'), ('283','25','0','9'), ('284','25','0','10'), ('285','25','0','11'), ('286','25','0','12'), ('287','25','0','13'), ('288','25','0','14'), ('289','25','0','15'), ('290','25','0','16'), ('291','25','0','17'), ('292','25','0','18'), ('293','26','2','1'), ('294','26','1','2'), ('295','26','0','3'), ('296','26','0','4'), ('297','26','0','5'), ('298','26','1','6'), ('299','26','1','7'), ('300','26','0','8'), ('301','26','0','9'), ('302','26','0','10'), ('303','26','0','11'), ('304','26','0','12');
INSERT INTO `score` VALUES ('305','26','0','13'), ('306','26','0','14'), ('307','26','0','15'), ('308','26','0','16'), ('309','26','0','17'), ('310','26','0','18'), ('311','27','1','1'), ('312','27','1','2'), ('313','27','0','3'), ('314','27','0','4'), ('315','27','0','5'), ('316','27','1','6'), ('317','27','1','7'), ('318','27','0','8'), ('319','27','0','9'), ('320','27','0','10'), ('321','27','0','11'), ('322','27','0','12'), ('323','27','0','13'), ('324','27','0','14'), ('325','27','0','15'), ('326','27','0','16'), ('327','27','0','17'), ('328','27','0','18'), ('329','32','1','1'), ('330','32','1','2'), ('331','32','0','3'), ('332','32','0','4'), ('333','32','0','5'), ('334','32','1','6'), ('335','32','1','7'), ('336','32','0','8'), ('337','32','0','9'), ('338','32','0','10'), ('339','32','0','11'), ('340','32','0','12'), ('341','32','0','13'), ('342','32','0','14'), ('343','32','0','15'), ('344','32','0','16'), ('345','32','0','17'), ('346','32','0','18'), ('347','35','1','1'), ('348','35','1','2'), ('349','35','0','3'), ('350','35','0','4'), ('351','35','0','5'), ('352','35','1','6'), ('353','35','1','7'), ('354','35','0','8'), ('355','35','0','9'), ('356','35','0','10'), ('357','35','0','11'), ('358','35','0','12'), ('359','35','0','13'), ('360','35','0','14'), ('361','35','0','15'), ('362','35','0','16'), ('363','35','0','17'), ('364','35','0','18'), ('365','36','1','1'), ('366','36','1','2'), ('367','36','0','3'), ('368','36','0','4'), ('369','36','0','5'), ('370','36','1','6'), ('371','36','1','7'), ('372','36','0','8'), ('373','36','0','9'), ('374','36','0','10'), ('375','36','0','11'), ('376','36','0','12'), ('377','36','0','13'), ('378','36','0','14'), ('379','36','0','15'), ('380','36','0','16'), ('381','36','0','17'), ('382','36','0','18'), ('383','37','2','1'), ('384','37','1','2'), ('385','37','0','3'), ('386','37','0','4'), ('387','37','0','5'), ('388','37','1','6'), ('389','37','1','7'), ('390','37','0','8'), ('391','37','0','9'), ('392','37','0','10'), ('393','37','0','11'), ('394','37','0','12'), ('395','37','0','13'), ('396','37','0','14'), ('397','37','0','15'), ('398','37','0','16'), ('399','37','0','17'), ('400','37','0','18'), ('401','41','2','1'), ('402','41','1','2'), ('403','41','0','3'), ('404','41','0','4');
INSERT INTO `score` VALUES ('405','41','0','5'), ('406','41','1','6'), ('407','41','1','7'), ('408','41','0','8'), ('409','41','0','9'), ('410','41','0','10'), ('411','41','0','11'), ('412','41','0','12'), ('413','41','0','13'), ('414','41','0','14'), ('415','41','0','15'), ('416','41','0','16'), ('417','41','0','17'), ('418','41','0','18'), ('419','42','1','1'), ('420','42','1','2'), ('421','42','0','3'), ('422','42','0','4'), ('423','42','0','5'), ('424','42','1','6'), ('425','42','1','7'), ('426','42','0','8'), ('427','42','0','9'), ('428','42','0','10'), ('429','42','0','11'), ('430','42','0','12'), ('431','42','0','13'), ('432','42','0','14'), ('433','42','0','15'), ('434','42','0','16'), ('435','42','0','17'), ('436','42','0','18');
INSERT INTO `teams` VALUES ('1','Argentina'), ('2','Bolivia'), ('3','Brasil'), ('4','Chile'), ('5','Colombia'), ('6','Ecuador'), ('7','Japón'), ('8','Paraguay'), ('9','Perú'), ('10','Qatar'), ('11','Uruguay'), ('12','Venezuela');
INSERT INTO `users` VALUES ('1','Miguel Vega','miguel','miguel','1','4'), ('2','Renzo C','renzoc','renzoc','1','5'), ('3','Gonzalo G','gonzalog','magl1004','1','4'), ('4','Alondra L','alondral','mmaaggll1004','1','5'), ('5','Alberto E','albertoe','aa85hy','1','4'), ('6','Fernando V','fernandov','ff96su','1','5'), ('7','Rafael V','rafaelv','rr65as','1','4'), ('8','Jose H','pepe','jj76al','1','0'), ('9','Christhian A','gordo','cc45gs','1','5'), ('10','Jhonnattan A','chanchete','jj87cp','1','5'), ('11','Josseph A','jossety','jj01hv','1','4'), ('12','Kenji R','kenjir','kk84df','1','0'), ('13','Francisco G','papaya','ff64ax','1','4'), ('14','Juan Manuel A','juanma','jj23wk','1','0'), ('15','Lucero A','malucci','ll89ql','1','4'), ('16','El Chochi','chochi','cc54df','1','0'), ('17','Alex R','alexr','aa65bh','1','5'), ('18','Junior M','juniorm','jj79lk','1','0'), ('19','Orlando G','orlandog','oo48ap','1','0'), ('20','Jofer H','joferh','jj72pg','1','4'), ('22','Roberto R','robertor','rr85hj','2','5'), ('23','Andrea G','andreag','aa12rf','2','0'), ('24','Kiara R','kiarar','kk47ls','2','0'), ('25','Karla V','karlav','kk83oc','2','5'), ('26','Almendra M','almendram','aa46jc','2','5'), ('27','Juan Carlos L','juancarlosl','jj07co','2','4'), ('28','Tessy S','tessys','tt28en','2','0'), ('29','Carla L','carlal','cc46df','2','0'), ('30','Emily M','emilym','ee87bv','2','0'), ('31','Cynthia L','cynthial','cc12kj','2','0'), ('32','Rochi E','rochie','rr92oa','2','4'), ('33','Ivette I','ivettel','ii23jh','2','0'), ('34','Barbara R','barbarar','bb98sa','2','0'), ('35','Miluska M','miluskam','mm65lu','2','4'), ('36','Juan Salas','juans','cxgts','1','4'), ('37','Jose C','peperix','ppxis','1','5'), ('38','Christian M','pollo','pllmt','1','0'), ('39','Renzo C','killa','rr27co','2','2'), ('40','Diana Zamalloa','dianaz','dd37mw','2','0'), ('41','Ariana L','arianal','aa20slc','1','5'), ('42','Diana C','dianac','dd41olx','1','4');
INSERT INTO `user_goals_scored` VALUES ('1','1','1','2','0'), ('2','1','2','1','1'), ('3','1','3','2','2'), ('4','1','4','2','0'), ('5','1','5','0','0'), ('6','1','6','2','3'), ('7','1','7','0','2'), ('8','1','8','1','1'), ('9','1','9','5','2'), ('10','1','10','2','3'), ('11','1','11','3','0'), ('12','1','12','2','0'), ('13','1','13','0','0'), ('14','1','14','3','5'), ('15','1','15','0','0'), ('16','1','16','2','2'), ('17','1','17','2','2'), ('18','1','18','2','0'), ('19','2','1','3','0'), ('20','2','2','2','1'), ('21','2','3','1','3'), ('22','2','4','2','1'), ('23','2','5','1','0'), ('24','2','6','1','0'), ('25','2','7','1','2'), ('26','2','8','1','1'), ('27','2','9','2','0'), ('28','2','10','1','1'), ('29','2','11','2','0'), ('30','2','12','1','1'), ('31','2','13','0','2'), ('32','2','14','2','1'), ('33','2','15','0','1'), ('34','2','16','2','2'), ('35','2','17','2','2'), ('36','2','18','1','3'), ('37','13','1','',''), ('38','13','2','',''), ('39','13','3','',''), ('40','13','4','',''), ('41','13','5','',''), ('42','13','6','',''), ('43','13','7','',''), ('44','13','8','',''), ('45','13','9','',''), ('46','13','10','',''), ('47','13','11','',''), ('48','13','12','',''), ('49','13','13','',''), ('50','13','14','',''), ('51','13','15','',''), ('52','13','16','',''), ('53','13','17','',''), ('54','13','18','',''), ('55','15','1','2','0'), ('56','15','2','0','1'), ('57','15','3','2','2'), ('58','15','4','0','0'), ('59','15','5','2','2'), ('60','15','6','2','1'), ('61','15','7','0','1'), ('62','15','8','2','1'), ('63','15','9','2','1'), ('64','15','10','2','0'), ('65','15','11','1','1'), ('66','15','12','2','1'), ('67','15','13','0','1'), ('68','15','14','0','2'), ('69','15','15','0','3'), ('70','15','16','2','1'), ('71','15','17','1','2'), ('72','15','18','1','1'), ('73','6','1','3','0'), ('74','6','2','1','1'), ('75','6','3','1','1'), ('76','6','4','2','0'), ('77','6','5','2','1'), ('78','6','6','1','1'), ('79','6','7','0','0'), ('80','6','8','2','0'), ('81','6','9','3','0'), ('82','6','10','1','1'), ('83','6','11','0','0'), ('84','6','12','1','2'), ('85','6','13','1','2'), ('86','6','14','0','2'), ('87','6','15','0','3'), ('88','6','16','2','1'), ('89','6','17','0','0'), ('90','6','18','0','1'), ('91','22','1','4','0'), ('92','22','2','1','2'), ('93','22','3','1','2'), ('94','22','4','1','0'), ('95','22','5','2','1'), ('96','22','6','2','0'), ('97','22','7','1','3'), ('98','22','8','2','0'), ('99','22','9','3','0'), ('100','22','10','2','0');
INSERT INTO `user_goals_scored` VALUES ('101','22','11','2','2'), ('102','22','12','1','0'), ('103','22','13','1','2'), ('104','22','14','1','1'), ('105','22','15','0','2'), ('106','22','16','3','0'), ('107','22','17','1','2'), ('108','22','18','1','3'), ('109','32','1','2','0'), ('110','32','2','0','1'), ('111','32','3','2','1'), ('112','32','4','1','2'), ('113','32','5','2','1'), ('114','32','6','0','1'), ('115','32','7','0','2'), ('116','32','8','2','0'), ('117','32','9','1','2'), ('118','32','10','1','1'), ('119','32','11','2','1'), ('120','32','12','0','1'), ('121','32','13','1','1'), ('122','32','14','1','1'), ('123','32','15','0','0'), ('124','32','16','1','2'), ('125','32','17','1','1'), ('126','32','18','2','1'), ('127','20','1','2','0'), ('128','20','2','1','2'), ('129','20','3','2','2'), ('130','20','4','2','1'), ('131','20','5','2','2'), ('132','20','6','2','1'), ('133','20','7','1','1'), ('134','20','8','3','1'), ('135','20','9','3','1'), ('136','20','10','2','1'), ('137','20','11','2','1'), ('138','20','12','1','2'), ('139','20','13','1','2'), ('140','20','14','1','2'), ('141','20','15','0','2'), ('142','20','16','3','1'), ('143','20','17','2','2'), ('144','20','18','2','0'), ('145','27','1','2','0'), ('146','27','2','1','2'), ('147','27','3','1','3'), ('148','27','4','2','0'), ('149','27','5','2','1'), ('150','27','6','3','1'), ('151','27','7','2','2'), ('152','27','8','3','0'), ('153','27','9','4','0'), ('154','27','10','2','0'), ('155','27','11','1','0'), ('156','27','12','2','1'), ('157','27','13','1','1'), ('158','27','14','0','2'), ('159','27','15','0','4'), ('160','27','16','3','0'), ('161','27','17','2','0'), ('162','27','18','1','3'), ('163','3','1','2','0'), ('164','3','2','1','1'), ('165','3','3','2','2'), ('166','3','4','1','1'), ('167','3','5','2','1'), ('168','3','6','1','1'), ('169','3','7','1','2'), ('170','3','8','2','3'), ('171','3','9','3','0'), ('172','3','10','2','1'), ('173','3','11','2','1'), ('174','3','12','0','2'), ('175','3','13','1','2'), ('176','3','14','1','1'), ('177','3','15','0','4'), ('178','3','16','3','2'), ('179','3','17','1','2'), ('180','3','18','1','1'), ('181','25','1','3','0'), ('182','25','2','1','1'), ('183','25','3','1','3'), ('184','25','4','2','0'), ('185','25','5','2','2'), ('186','25','6','1','1'), ('187','25','7','0','2'), ('188','25','8','2','1'), ('189','25','9','4','1'), ('190','25','10','2','3'), ('191','25','11','2','1'), ('192','25','12','3','2'), ('193','25','13','1','3'), ('194','25','14','0','1'), ('195','25','15','0','2'), ('196','25','16','2','1'), ('197','25','17','2','1'), ('198','25','18','3','2'), ('199','37','1','3','0'), ('200','37','2','2','2');
INSERT INTO `user_goals_scored` VALUES ('201','37','3','1','2'), ('202','37','4','3','1'), ('203','37','5','2','2'), ('204','37','6','2','1'), ('205','37','7','1','2'), ('206','37','8','1','1'), ('207','37','9','4','0'), ('208','37','10','2','1'), ('209','37','11','1','0'), ('210','37','12','3','1'), ('211','37','13','1','3'), ('212','37','14','1','3'), ('213','37','15','0','2'), ('214','37','16','0','1'), ('215','37','17','1','0'), ('216','37','18','1','2'), ('217','26','1','3','0'), ('218','26','2','2','1'), ('219','26','3','2','3'), ('220','26','4','2','0'), ('221','26','5','2','2'), ('222','26','6','1','1'), ('223','26','7','0','2'), ('224','26','8','3','1'), ('225','26','9','3','0'), ('226','26','10','3','2'), ('227','26','11','1','0'), ('228','26','12','0','1'), ('229','26','13','0','2'), ('230','26','14','2','2'), ('231','26','15','0','2'), ('232','26','16','2','1'), ('233','26','17','1','1'), ('234','26','18','1','2'), ('235','11','1','2','0'), ('236','11','2','0','1'), ('237','11','3','1','1'), ('238','11','4','0','0'), ('239','11','5','1','0'), ('240','11','6','1','1'), ('241','11','7','1','2'), ('242','11','8','3','0'), ('243','11','9','2','1'), ('244','11','10','1','0'), ('245','11','11','2','0'), ('246','11','12','1','2'), ('247','11','13','0','1'), ('248','11','14','0','2'), ('249','11','15','0','3'), ('250','11','16','2','0'), ('251','11','17','0','1'), ('252','11','18','2','2'), ('253','7','1','2','0'), ('254','7','2','1','2'), ('255','7','3','2','1'), ('256','7','4','2','0'), ('257','7','5','2','1'), ('258','7','6','2','2'), ('259','7','7','0','2'), ('260','7','8','2','0'), ('261','7','9','2','0'), ('262','7','10','1','0'), ('263','7','11','2','1'), ('264','7','12','0','1'), ('265','7','13','0','2'), ('266','7','14','0','0'), ('267','7','15','1','3'), ('268','7','16','2','1'), ('269','7','17','0','1'), ('270','7','18','1','3'), ('271','4','1','3','0'), ('272','4','2','1','2'), ('273','4','3','2','3'), ('274','4','4','2','0'), ('275','4','5','2','1'), ('276','4','6','1','3'), ('277','4','7','0','1'), ('278','4','8','3','1'), ('279','4','9','3','0'), ('280','4','10','2','2'), ('281','4','11','2','1'), ('282','4','12','1','3'), ('283','4','13','2','2'), ('284','4','14','1','2'), ('285','4','15','1','3'), ('286','4','16','3','2'), ('287','4','17','1','1'), ('288','4','18','3','2'), ('289','41','1','3','0'), ('290','41','2','1','2'), ('291','41','3','2','1'), ('292','41','4','3','0'), ('293','41','5','2','0'), ('294','41','6','0','2'), ('295','41','7','0','2'), ('296','41','8','3','1'), ('297','41','9','2','1'), ('298','41','10','2','0'), ('299','41','11','2','1'), ('300','41','12','2','2');
INSERT INTO `user_goals_scored` VALUES ('301','41','13','0','1'), ('302','41','14','1','3'), ('303','41','15','0','3'), ('304','41','16','2','1'), ('305','41','17','3','0'), ('306','41','18','1','2'), ('307','36','1','2','0'), ('308','36','2','1','2'), ('309','36','3','1','2'), ('310','36','4','1','1'), ('311','36','5','1','1'), ('312','36','6','1','1'), ('313','36','7','1','1'), ('314','36','8','3','1'), ('315','36','9','2','0'), ('316','36','10','2','1'), ('317','36','11','2','0'), ('318','36','12','1','0'), ('319','36','13','0','2'), ('320','36','14','1','1'), ('321','36','15','0','2'), ('322','36','16','2','1'), ('323','36','17','2','1'), ('324','36','18','0','2'), ('325','35','1','2','0'), ('326','35','2','1','1'), ('327','35','3','',''), ('328','35','4','',''), ('329','35','5','',''), ('330','35','6','',''), ('331','35','7','',''), ('332','35','8','',''), ('333','35','9','',''), ('334','35','10','',''), ('335','35','11','',''), ('336','35','12','',''), ('337','35','13','',''), ('338','35','14','',''), ('339','35','15','',''), ('340','35','16','',''), ('341','35','17','',''), ('342','35','18','',''), ('343','42','1','2','0'), ('344','42','2','1','2'), ('345','42','3','1','1'), ('346','42','4','2','0'), ('347','42','5','3','1'), ('348','42','6','2','1'), ('349','42','7','0','2'), ('350','42','8','3','1'), ('351','42','9','3','1'), ('352','42','10','1','2'), ('353','42','11','1','2'), ('354','42','12','2','1'), ('355','42','13','1','0'), ('356','42','14','2','2'), ('357','42','15','0','2'), ('358','42','16','2','2'), ('359','42','17','2','2'), ('360','42','18','1','0'), ('361','10','1','4','0'), ('362','10','2','0','2'), ('363','10','3','1','2'), ('364','10','4','2','1'), ('365','10','5','2','1'), ('366','10','6','1','2'), ('367','10','7','1','3'), ('368','10','8','3','0'), ('369','10','9','2','0'), ('370','10','10','1','1'), ('371','10','11','2','1'), ('372','10','12','2','1'), ('373','10','13','1','2'), ('374','10','14','1','2'), ('375','10','15','0','2'), ('376','10','16','2','1'), ('377','10','17','1','1'), ('378','10','18','1','2'), ('379','9','1','3','0'), ('380','9','2','1','2'), ('381','9','3','1','2'), ('382','9','4','1','0'), ('383','9','5','1','0'), ('384','9','6','1','1'), ('385','9','7','0','1'), ('386','9','8','2','0'), ('387','9','9','2','0'), ('388','9','10','1','1'), ('389','9','11','1','0'), ('390','9','12','1','2'), ('391','9','13','0','1'), ('392','9','14','0','2'), ('393','9','15','0','2'), ('394','9','16','1','1'), ('395','9','17','1','0'), ('396','9','18','1','2'), ('397','17','1','3','0'), ('398','17','2','0','2'), ('399','17','3','2','2'), ('400','17','4','2','0');
INSERT INTO `user_goals_scored` VALUES ('401','17','5','2','1'), ('402','17','6','2','2'), ('403','17','7','1','2'), ('404','17','8','4','0'), ('405','17','9','2','0'), ('406','17','10','2','1'), ('407','17','11','2','1'), ('408','17','12','2','2'), ('409','17','13','1','2'), ('410','17','14','1','1'), ('411','17','15','0','3'), ('412','17','16','2','1'), ('413','17','17','2','1'), ('414','17','18','1','2'), ('415','5','1','1','0'), ('416','5','2','1','1'), ('417','5','3','1','2'), ('418','5','4','1','0'), ('419','5','5','1','0'), ('420','5','6','1','1'), ('421','5','7','1','2'), ('422','5','8','1','1'), ('423','5','9','1','0'), ('424','5','10','2','0'), ('425','5','11','1','0'), ('426','5','12','2','0'), ('427','5','13','0','2'), ('428','5','14','0','2'), ('429','5','15','1','4'), ('430','5','16','1','1'), ('431','5','17','1','1'), ('432','5','18','1','2');
